<?xml version="1.0" encoding="UTF-8"?>
<con:soapui-project id="4ef2440c-5fa9-4fc5-b6ee-9610fbe6e26d" activeEnvironment="Default" name="Project 5.3" resourceRoot="" soapui-version="5.6.0" xmlns:con="http://eviware.com/soapui/config"><con:settings/><con:interface xsi:type="con:RestService" id="3d94128c-04e3-4c85-a9b9-a66c095da05c" wadlVersion="http://wadl.dev.java.net/2009/02" name="http://www.recipepuppy.com" type="rest" xmlns:xsi="http://www.w3.org/2001/XMLSchema-instance"><con:settings/><con:definitionCache/><con:endpoints><con:endpoint>http://www.recipepuppy.com</con:endpoint></con:endpoints><con:resource name="Api" path="/api?i=pasta,beef" id="a396f468-67af-4699-a2ed-2ebe4ddfe9db"><con:settings/><con:parameters/><con:method name="Api 1" id="4dd1396c-ee5b-4fda-8192-ed0f14189543" method="GET"><con:settings/><con:parameters/><con:representation type="RESPONSE"><con:mediaType>text/javascript</con:mediaType><con:status>200</con:status><con:params/><con:element xmlns:api="http://www.recipepuppy.com/api">api:Response</con:element></con:representation><con:request name="Request 1" id="478c8927-6a0b-480d-bc7f-fb92dde3c2ba" mediaType="application/json"><con:settings><con:setting id="com.eviware.soapui.impl.wsdl.WsdlRequest@request-headers">&lt;xml-fragment/></con:setting></con:settings><con:endpoint>http://www.recipepuppy.com</con:endpoint><con:request/><con:originalUri>http://www.recipepuppy.com/api</con:originalUri><con:credentials><con:authType>No Authorization</con:authType></con:credentials><con:jmsConfig JMSDeliveryMode="PERSISTENT"/><con:jmsPropertyConfig/><con:parameters/><con:parameterOrder/></con:request></con:method></con:resource></con:interface><con:properties/><con:wssContainer/><con:oAuth2ProfileContainer/><con:oAuth1ProfileContainer/><con:sensitiveInformation/></con:soapui-project>